scenario,scale_up,depth,p50_ms,p95_ms,p99_ms,tps
A-1,2000,4,243.75479950026602,270.60486060011044,387.84914392028895,3.988846511040096
A-1,2000,8,233.25118050001947,292.41479469985734,365.01029466991895,4.17890987907652
A-1,2000,12,232.3962070001926,263.43191110004227,338.5722305003719,4.230060203403766
