scenario,scale_up,depth,p50_ms,p95_ms,p99_ms,tps
A-2,,4,8.089677000498341,9.82502455053691,11.89370476964541,120.72234645289288
A-2,,8,8.18039449995922,9.576528500429049,11.211079399727168,120.35854920612526
A-2,,12,8.055070999944292,9.048013650408393,9.86818183957439,123.1209381834519
A-2,,16,8.107249999738997,9.097421800470329,9.806667910361284,122.0736610466801
