scenario,scale_up,depth,p50_ms,p95_ms,p99_ms,tps
A-3,12000,4,83.35863249885733,94.50812330060216,97.62875855951279,11.821040766873423
