scenario,scale_up,depth,p50_ms,p95_ms,p99_ms,tps
A-3,100000,4,283.39407650037174,312.4958438003432,409.09370504974504,3.479720359022956
