scenario,scale_up,depth,p50_ms,p95_ms,p99_ms,tps
A-3,12000,4,190.2086005000001,203.90273904981768,218.48906414991234,5.221215830801207
