scenario,scale_up,depth,p50_ms,p95_ms,p99_ms,tps
B-2,,4,7.488000499961345,8.485498749814724,9.573756650170253,132.13101135325272
B-2,,8,7.424557999456738,8.227971999576766,9.053000820103989,133.44886131147953
B-2,,12,7.587536000301043,8.4188968505714,9.082305089423244,130.78491887900353
B-2,,16,7.696441000007326,8.678810600395082,9.450446619666764,128.49761293962436
