scenario,scale_up,depth,p50_ms,p95_ms,p99_ms,tps
B-3,12000,4,126.07038000010107,143.67124050002076,215.36771227990357,7.745531142321749
