scenario,scale_up,depth,p50_ms,p95_ms,p99_ms,tps
B-3,100000,4,246.73747250017186,281.8096498999694,358.0589230400619,3.9816602062392152
