scenario,scale_up,depth,p50_ms,p95_ms,p99_ms,tps
C-1,2000,4,224.0358385001855,241.7022227002235,265.30461590009963,4.434509252941647
C-1,2000,8,1356.1884415000804,1435.3164923506256,1487.2780802601255,0.733100991944591
C-1,2000,12,993.6840034997658,1496.833136800251,1527.3231689793647,0.9253006913641709
