scenario,scale_up,depth,p50_ms,p95_ms,p99_ms,tps
C-2,,4,0.05850500002679837,0.5834514499611032,1.6276736499105482,9230.731171729529
C-2,,8,0.05668649998824549,0.6073091500297778,1.1896408999166397,8462.383267738507
C-2,,12,0.09030849997770929,0.6006070499779526,1.6970214799528094,6476.660866817229
C-2,,16,0.08732600002758772,0.6099795999318758,1.3335790099483802,6819.071087032385
