scenario,scale_up,depth,p50_ms,p95_ms,p99_ms,tps
C-3,100000,4,0.06563549993643392,0.2482617999703507,0.6225756299045315,9575.409352968076
