scenario,scale_up,depth,p50_ms,p95_ms,p99_ms,tps
C-3,12000,4,0.07486000004064408,0.25365370011058985,0.5508404999500272,8668.443437532418
