scenario,scale_up,depth,p50_ms,p95_ms,p99_ms,tps
C-3,1000,2,36.321020999821485,38.54018875008478,39.0888455199638,27.447020714882804
