scenario,scale_up,depth,p50_ms,p95_ms,p99_ms,tps
A-2,,2,592.4435124989031,640.8644076997916,644.7853999397375,1.6693356129644503
A-2,,4,597.1168129999569,617.1113969501675,621.1939857901234,1.677785960748592
A-2,,6,589.660385499883,600.7972938513376,602.0595627716648,1.699671302708063
A-2,,8,589.0270209993105,601.9455196982562,602.1490047372754,1.6955490694467379
