scenario,scale_up,depth,p50_ms,p95_ms,p99_ms,tps
B-2,,2,591.3883729999725,637.2536597513317,643.5253031514367,1.6741336467659298
B-2,,4,589.6489064998605,621.5569076994143,627.8540935389174,1.6927719195109787
B-2,,6,585.4874930009828,608.5790651513889,609.1096906317034,1.7029199306808334
B-2,,8,586.1928365002314,613.7384595521326,614.5455511132059,1.6922858392997435
