scenario,scale_up,depth,p50_ms,p95_ms,p99_ms,tps
C-2,,2,0.20561000019370113,0.4884299486548116,0.5061579882567457,4271.724386405566
C-2,,4,0.3458125011093216,0.7994401988980826,0.82106883826782,2637.3818808148812
C-2,,6,0.3379030003998196,0.9397566496772924,1.0081313295086147,2631.1801160112686
C-2,,8,0.3051470002901624,0.6996548485403764,0.7011741678797989,2861.4350090393923
